{"cameraMode":{"drawMode":0,"name":"Shaded","section":"Shading Mode"},"sceneLighting":true,"audioPlay":false,"sceneViewState":{"m_AlwaysRefresh":false,"showFog":true,"showSkybox":true,"showFlares":true,"showImageEffects":true,"showParticleSystems":true,"showVisualEffectGraphs":true,"m_FxEnabled":true},"in2DMode":false,"pivot":{"x":0.8743064403533936,"y":2.1708335876464845,"z":-2.001077651977539},"rotation":{"x":-0.14619532227516175,"y":0.08801573514938355,"z":-0.01306033506989479,"w":-0.9852461814880371},"size":1.563500165939331,"orthographic":false}